{"cameraMode":{"drawMode":0,"name":"Shaded","section":"Shading Mode"},"sceneLighting":true,"audioPlay":false,"sceneViewState":{"showFog":false,"showMaterialUpdate":false,"showSkybox":false,"showFlares":false,"showImageEffects":false,"showParticleSystems":false},"in2DMode":false,"pivot":{"x":-81.17266845703125,"y":-183.58827209472657,"z":127.09756469726563},"rotation":{"x":0.3531131148338318,"y":0.0028067680541425945,"z":-0.0010593350743874908,"w":0.9355756044387817},"size":455.99884033203127,"orthographic":false}