{"cameraMode":{"drawMode":0,"name":"Shaded","section":"Shading Mode"},"sceneLighting":true,"audioPlay":false,"sceneViewState":{"showFog":false,"showMaterialUpdate":false,"showSkybox":false,"showFlares":false,"showImageEffects":false,"showParticleSystems":false},"in2DMode":false,"pivot":{"x":-30.073200225830079,"y":-99.28260803222656,"z":120.72947692871094},"rotation":{"x":-0.45383721590042117,"y":-0.027529098093509675,"z":0.014029433950781823,"w":-0.8905500173568726},"size":359.0963439941406,"orthographic":false}