{"cameraMode":{"drawMode":0,"name":"Shaded","section":"Shading Mode"},"sceneLighting":true,"audioPlay":false,"sceneViewState":{"showFog":false,"showMaterialUpdate":false,"showSkybox":false,"showFlares":false,"showImageEffects":false,"showParticleSystems":false},"in2DMode":false,"pivot":{"x":-136.10618591308595,"y":6.416560173034668,"z":-152.21145629882813},"rotation":{"x":0.022907542064785959,"y":0.9384327530860901,"z":-0.06344068795442581,"w":0.338837206363678},"size":22.479101181030275,"orthographic":false}