{"cameraMode":{"drawMode":0,"name":"Shaded","section":"Shading Mode"},"sceneLighting":true,"audioPlay":false,"sceneViewState":{"showFog":false,"showMaterialUpdate":false,"showSkybox":false,"showFlares":false,"showImageEffects":true,"showParticleSystems":false},"in2DMode":false,"pivot":{"x":-12.486557006835938,"y":-38.34462356567383,"z":-10.076569557189942},"rotation":{"x":0.22057987749576569,"y":0.608306884765625,"z":-0.1812358945608139,"w":0.7406344413757324},"size":90.78690338134766,"orthographic":false}