{"cameraMode":{"drawMode":0,"name":"Shaded","section":"Shading Mode"},"sceneLighting":true,"audioPlay":false,"sceneViewState":{"showFog":false,"showMaterialUpdate":false,"showSkybox":false,"showFlares":false,"showImageEffects":true,"showParticleSystems":false},"in2DMode":false,"pivot":{"x":-21.25691032409668,"y":1.443547248840332,"z":-3.2080936431884767},"rotation":{"x":0.17605602741241456,"y":0.015357760712504387,"z":-0.0027469510678201915,"w":0.9842574000358582},"size":19.83877182006836,"orthographic":false}