{"cameraMode":{"drawMode":0,"name":"Shaded","section":"Shading Mode"},"sceneLighting":true,"audioPlay":false,"sceneViewState":{"showFog":false,"showMaterialUpdate":false,"showSkybox":false,"showFlares":false,"showImageEffects":false,"showParticleSystems":false},"in2DMode":false,"pivot":{"x":-19.80470848083496,"y":-4.698507308959961,"z":10.249998092651368},"rotation":{"x":-0.40688571333885195,"y":-0.03673147037625313,"z":0.0163729190826416,"w":-0.9126076698303223},"size":23.223861694335939,"orthographic":false}