{"cameraMode":{"drawMode":0,"name":"Shaded","section":"Shading Mode"},"sceneLighting":true,"audioPlay":false,"sceneViewState":{"showFog":false,"showMaterialUpdate":false,"showSkybox":false,"showFlares":false,"showImageEffects":true,"showParticleSystems":false},"in2DMode":false,"pivot":{"x":-21.918067932128908,"y":-22.632732391357423,"z":52.91046142578125},"rotation":{"x":0.2637929618358612,"y":-0.01822853647172451,"z":0.0049830032512545589,"w":0.9644020199775696},"size":63.67741012573242,"orthographic":false}