{"cameraMode":{"drawMode":0,"name":"Shaded","section":"Shading Mode"},"sceneLighting":true,"audioPlay":false,"sceneViewState":{"showFog":false,"showMaterialUpdate":false,"showSkybox":false,"showFlares":false,"showImageEffects":false,"showParticleSystems":false},"in2DMode":false,"pivot":{"x":-91.733154296875,"y":0.7798614501953125,"z":-42.83544921875},"rotation":{"x":0.06770046800374985,"y":-0.27557191252708437,"z":0.019460011273622514,"w":0.9586976766586304},"size":71.67879486083985,"orthographic":true}