{"cameraMode":{"drawMode":0,"name":"Shaded","section":"Shading Mode"},"sceneLighting":true,"audioPlay":false,"sceneViewState":{"showFog":false,"showMaterialUpdate":false,"showSkybox":false,"showFlares":false,"showImageEffects":false,"showParticleSystems":false},"in2DMode":false,"pivot":{"x":-9.735742568969727,"y":-26.887744903564454,"z":34.6639404296875},"rotation":{"x":0.39331135153770449,"y":-0.025621837005019189,"z":0.010959841310977936,"w":0.9189794659614563},"size":83.04569244384766,"orthographic":false}