{"cameraMode":{"drawMode":0,"name":"Shaded","section":"Shading Mode"},"sceneLighting":true,"audioPlay":false,"sceneViewState":{"showFog":false,"showMaterialUpdate":false,"showSkybox":false,"showFlares":false,"showImageEffects":true,"showParticleSystems":false},"in2DMode":false,"pivot":{"x":33.88776397705078,"y":-2.0085482597351076,"z":-37.956268310546878},"rotation":{"x":-0.013547002337872982,"y":-0.7967733144760132,"z":0.017964867874979974,"w":-0.6039229035377502},"size":136.89756774902345,"orthographic":false}