{"cameraMode":{"drawMode":0,"name":"Shaded","section":"Shading Mode"},"sceneLighting":true,"audioPlay":false,"sceneViewState":{"showFog":false,"showMaterialUpdate":false,"showSkybox":false,"showFlares":false,"showImageEffects":true,"showParticleSystems":false},"in2DMode":false,"pivot":{"x":-52.03224182128906,"y":-0.5421352386474609,"z":-15.475791931152344},"rotation":{"x":0.18483605980873109,"y":-0.31585627794265749,"z":0.06287725269794464,"w":0.9285040497779846},"size":62.30721664428711,"orthographic":false}