{"cameraMode":{"drawMode":0,"name":"Shaded","section":"Shading Mode"},"sceneLighting":true,"audioPlay":false,"sceneViewState":{"showFog":false,"showMaterialUpdate":false,"showSkybox":false,"showFlares":false,"showImageEffects":false,"showParticleSystems":false},"in2DMode":false,"pivot":{"x":-25.742082595825197,"y":1.894795536994934,"z":-18.41102409362793},"rotation":{"x":0.014988926239311695,"y":-0.04048304632306099,"z":0.0005899204988963902,"w":0.9990991950035095},"size":1.122121810913086,"orthographic":false}