{"cameraMode":{"drawMode":0,"name":"Shaded","section":"Shading Mode"},"sceneLighting":true,"audioPlay":false,"sceneViewState":{"showFog":false,"showMaterialUpdate":false,"showSkybox":false,"showFlares":false,"showImageEffects":true,"showParticleSystems":false},"in2DMode":false,"pivot":{"x":-148.8049774169922,"y":-6.574212074279785,"z":-13.742557525634766},"rotation":{"x":0.05372743308544159,"y":-0.4688740372657776,"z":0.02858961559832096,"w":0.8811699748039246},"size":84.67517852783203,"orthographic":false}