{"cameraMode":{"drawMode":0,"name":"Shaded","section":"Shading Mode"},"sceneLighting":true,"audioPlay":false,"sceneViewState":{"showFog":false,"showMaterialUpdate":false,"showSkybox":false,"showFlares":false,"showImageEffects":false,"showParticleSystems":false},"in2DMode":false,"pivot":{"x":-123.43250274658203,"y":-18.740211486816408,"z":-105.9780044555664},"rotation":{"x":0.18363457918167115,"y":-0.6634097099304199,"z":0.17293430864810944,"w":0.7044584155082703},"size":122.61863708496094,"orthographic":false}