{"cameraMode":{"drawMode":0,"name":"Shaded","section":"Shading Mode"},"sceneLighting":true,"audioPlay":false,"sceneViewState":{"showFog":false,"showMaterialUpdate":false,"showSkybox":false,"showFlares":false,"showImageEffects":true,"showParticleSystems":false},"in2DMode":false,"pivot":{"x":-75.59199523925781,"y":3.2462470531463625,"z":-57.073570251464847},"rotation":{"x":0.1178041622042656,"y":0.14690209925174714,"z":-0.017623255029320718,"w":0.9819560647010803},"size":7.3546271324157719,"orthographic":false}