{"cameraMode":{"drawMode":0,"name":"Shaded","section":"Shading Mode"},"sceneLighting":true,"audioPlay":false,"sceneViewState":{"showFog":false,"showMaterialUpdate":false,"showSkybox":false,"showFlares":false,"showImageEffects":false,"showParticleSystems":false},"in2DMode":false,"pivot":{"x":-9.080391883850098,"y":2.5270678997039797,"z":19.13760757446289},"rotation":{"x":0.060072340071201327,"y":0.29867929220199587,"z":-0.01884317398071289,"w":0.9523143172264099},"size":19.055871963500978,"orthographic":false}