{"cameraMode":{"drawMode":0,"name":"Shaded","section":"Shading Mode"},"sceneLighting":true,"audioPlay":false,"sceneViewState":{"showFog":false,"showMaterialUpdate":false,"showSkybox":false,"showFlares":false,"showImageEffects":false,"showParticleSystems":false},"in2DMode":false,"pivot":{"x":-48.986568450927737,"y":5.454379558563232,"z":5.387437343597412},"rotation":{"x":0.03983770310878754,"y":-0.6550728678703308,"z":0.03462846577167511,"w":0.7537002563476563},"size":48.96526336669922,"orthographic":false}