{"cameraMode":{"drawMode":0,"name":"Shaded","section":"Shading Mode"},"sceneLighting":true,"audioPlay":false,"sceneViewState":{"showFog":false,"showMaterialUpdate":false,"showSkybox":true,"showFlares":false,"showImageEffects":false,"showParticleSystems":false},"in2DMode":false,"pivot":{"x":-42.240509033203128,"y":-1.5474109649658204,"z":2.7336549758911135},"rotation":{"x":-0.15883712470531465,"y":0.6248438358306885,"z":-0.13181716203689576,"w":-0.7530144453048706},"size":50.21942901611328,"orthographic":false}