{"cameraMode":{"drawMode":0,"name":"Shaded","section":"Shading Mode"},"sceneLighting":true,"audioPlay":false,"sceneViewState":{"showFog":false,"showMaterialUpdate":false,"showSkybox":false,"showFlares":false,"showImageEffects":true,"showParticleSystems":false},"in2DMode":false,"pivot":{"x":-74.7164306640625,"y":-1.767138957977295,"z":-62.04899215698242},"rotation":{"x":0.13397261500358582,"y":0.0178367979824543,"z":-0.0024122262839227916,"w":0.9908239841461182},"size":21.706716537475587,"orthographic":false}