{"cameraMode":{"drawMode":0,"name":"Shaded","section":"Shading Mode"},"sceneLighting":true,"audioPlay":false,"sceneViewState":{"showFog":false,"showMaterialUpdate":false,"showSkybox":false,"showFlares":false,"showImageEffects":false,"showParticleSystems":false},"in2DMode":false,"pivot":{"x":-159.45677185058595,"y":-34.476409912109378,"z":56.3712158203125},"rotation":{"x":0.16193309426307679,"y":-0.4133095145225525,"z":0.07495195418596268,"w":0.8929405808448792},"size":126.22525787353516,"orthographic":false}