{"cameraMode":{"drawMode":0,"name":"Shaded","section":"Shading Mode"},"sceneLighting":true,"audioPlay":false,"sceneViewState":{"showFog":false,"showMaterialUpdate":false,"showSkybox":false,"showFlares":false,"showImageEffects":true,"showParticleSystems":false},"in2DMode":false,"pivot":{"x":-26.703065872192384,"y":18.68175506591797,"z":-1.3638038635253907},"rotation":{"x":0.047377001494169238,"y":-0.011985693126916886,"z":0.0005698918248526752,"w":0.9988076090812683},"size":45.393184661865237,"orthographic":false}