{"cameraMode":{"drawMode":0,"name":"Shaded","section":"Shading Mode"},"sceneLighting":true,"audioPlay":false,"sceneViewState":{"showFog":false,"showMaterialUpdate":false,"showSkybox":false,"showFlares":false,"showImageEffects":false,"showParticleSystems":false},"in2DMode":false,"pivot":{"x":-105.15455627441406,"y":-44.57383728027344,"z":61.8677978515625},"rotation":{"x":0.3053417205810547,"y":-0.3167366087436676,"z":0.10850774496793747,"w":0.8914634585380554},"size":119.80122375488281,"orthographic":false}