{"cameraMode":{"drawMode":0,"name":"Shaded","section":"Shading Mode"},"sceneLighting":true,"audioPlay":false,"sceneViewState":{"showFog":false,"showMaterialUpdate":false,"showSkybox":false,"showFlares":false,"showImageEffects":true,"showParticleSystems":false},"in2DMode":false,"pivot":{"x":-74.00667572021485,"y":2.740175247192383,"z":-55.5346794128418},"rotation":{"x":0.20957684516906739,"y":-0.10536748915910721,"z":0.022724172100424768,"w":0.9718359708786011},"size":30.32517433166504,"orthographic":false}