{"cameraMode":{"drawMode":0,"name":"Shaded","section":"Shading Mode"},"sceneLighting":true,"audioPlay":false,"sceneViewState":{"showFog":false,"showMaterialUpdate":false,"showSkybox":false,"showFlares":false,"showImageEffects":true,"showParticleSystems":false},"in2DMode":false,"pivot":{"x":-79.39494323730469,"y":4.711156845092773,"z":-56.38275909423828},"rotation":{"x":0.15542444586753846,"y":-0.10173717886209488,"z":0.016094639897346498,"w":0.9824674129486084},"size":11.392960548400879,"orthographic":false}