{"cameraMode":{"drawMode":0,"name":"Shaded","section":"Shading Mode"},"sceneLighting":true,"audioPlay":false,"sceneViewState":{"showFog":false,"showMaterialUpdate":false,"showSkybox":false,"showFlares":false,"showImageEffects":true,"showParticleSystems":false},"in2DMode":false,"pivot":{"x":-19.051788330078126,"y":-16.023162841796876,"z":31.34905242919922},"rotation":{"x":0.19864921271800996,"y":0.06316863745450974,"z":-0.012802042067050934,"w":0.9779618382453919},"size":52.09410858154297,"orthographic":false}