{"cameraMode":{"drawMode":0,"name":"Shaded","section":"Shading Mode"},"sceneLighting":true,"audioPlay":false,"sceneViewState":{"showFog":false,"showMaterialUpdate":false,"showSkybox":false,"showFlares":false,"showImageEffects":false,"showParticleSystems":false},"in2DMode":false,"pivot":{"x":-44.66259765625,"y":-3.2839035987854006,"z":5.270448684692383},"rotation":{"x":0.05689242482185364,"y":0.9430593848228455,"z":-0.2367878407239914,"w":0.22658471763134004},"size":17.406627655029298,"orthographic":false}