{"cameraMode":{"drawMode":0,"name":"Shaded","section":"Shading Mode"},"sceneLighting":true,"audioPlay":false,"sceneViewState":{"showFog":false,"showMaterialUpdate":false,"showSkybox":false,"showFlares":false,"showImageEffects":false,"showParticleSystems":false},"in2DMode":false,"pivot":{"x":-142.60227966308595,"y":15.563436508178711,"z":-132.34852600097657},"rotation":{"x":0.2632462680339813,"y":0.6325867772102356,"z":-0.24245338141918183,"w":0.68684983253479},"size":40.037776947021487,"orthographic":false}