{"cameraMode":{"drawMode":0,"name":"Shaded","section":"Shading Mode"},"sceneLighting":true,"audioPlay":false,"sceneViewState":{"showFog":false,"showMaterialUpdate":false,"showSkybox":false,"showFlares":false,"showImageEffects":true,"showParticleSystems":false},"in2DMode":false,"pivot":{"x":-77.86749267578125,"y":2.6502773761749269,"z":-56.74626159667969},"rotation":{"x":0.15542444586753846,"y":-0.10173717886209488,"z":0.016094639897346498,"w":0.9824674129486084},"size":11.392960548400879,"orthographic":false}