{"cameraMode":{"drawMode":0,"name":"Shaded","section":"Shading Mode"},"sceneLighting":true,"audioPlay":false,"sceneViewState":{"showFog":true,"showMaterialUpdate":true,"showSkybox":true,"showFlares":true,"showImageEffects":true,"showParticleSystems":true},"in2DMode":false,"pivot":{"x":-19.570201873779298,"y":8.274658203125,"z":12.647254943847657},"rotation":{"x":0.05509801208972931,"y":0.9297695159912109,"z":-0.15567736327648164,"w":0.32906806468963625},"size":8.084789276123047,"orthographic":false}