{"cameraMode":{"drawMode":0,"name":"Shaded","section":"Shading Mode"},"sceneLighting":true,"audioPlay":false,"sceneViewState":{"showFog":false,"showMaterialUpdate":false,"showSkybox":false,"showFlares":false,"showImageEffects":true,"showParticleSystems":false},"in2DMode":false,"pivot":{"x":-78.7186279296875,"y":6.577260494232178,"z":-54.81269073486328},"rotation":{"x":0.185993492603302,"y":0.20609396696090699,"z":-0.039933837950229648,"w":0.959867000579834},"size":10.968439102172852,"orthographic":false}