{"cameraMode":{"drawMode":0,"name":"Shaded","section":"Shading Mode"},"sceneLighting":true,"audioPlay":false,"sceneViewState":{"showFog":false,"showMaterialUpdate":false,"showSkybox":false,"showFlares":false,"showImageEffects":true,"showParticleSystems":false},"in2DMode":false,"pivot":{"x":-95.99272918701172,"y":-90.84063720703125,"z":112.96083068847656},"rotation":{"x":0.32544878125190737,"y":0.011921096593141556,"z":-0.0041687991470098499,"w":0.9455162882804871},"size":193.27110290527345,"orthographic":false}