{"cameraMode":{"drawMode":0,"name":"Shaded","section":"Shading Mode"},"sceneLighting":true,"audioPlay":false,"sceneViewState":{"showFog":false,"showMaterialUpdate":false,"showSkybox":false,"showFlares":false,"showImageEffects":false,"showParticleSystems":false},"in2DMode":false,"pivot":{"x":-17.032428741455079,"y":-0.8138985633850098,"z":8.160689353942871},"rotation":{"x":-0.21633124351501466,"y":-0.2822996973991394,"z":0.06552201509475708,"w":-0.9323530197143555},"size":7.020729064941406,"orthographic":false}