{"cameraMode":{"drawMode":0,"name":"Shaded","section":"Shading Mode"},"sceneLighting":true,"audioPlay":false,"sceneViewState":{"showFog":false,"showMaterialUpdate":false,"showSkybox":false,"showFlares":false,"showImageEffects":false,"showParticleSystems":false},"in2DMode":false,"pivot":{"x":-99.01240539550781,"y":-7.189029693603516,"z":-1.5213088989257813},"rotation":{"x":0.18406058847904206,"y":-0.33109191060066225,"z":0.06601805984973908,"w":0.9231170415878296},"size":62.16391372680664,"orthographic":false}