{"cameraMode":{"drawMode":0,"name":"Shaded","section":"Shading Mode"},"sceneLighting":true,"audioPlay":false,"sceneViewState":{"showFog":false,"showMaterialUpdate":false,"showSkybox":false,"showFlares":false,"showImageEffects":false,"showParticleSystems":false},"in2DMode":false,"pivot":{"x":-93.02630615234375,"y":1.3521411418914796,"z":-62.8953971862793},"rotation":{"x":0.06803391873836518,"y":-0.22547808289527894,"z":0.015785980969667436,"w":0.971742570400238},"size":11.231234550476075,"orthographic":false}