{"cameraMode":{"drawMode":0,"name":"Shaded","section":"Shading Mode"},"sceneLighting":true,"audioPlay":false,"sceneViewState":{"showFog":false,"showMaterialUpdate":false,"showSkybox":false,"showFlares":false,"showImageEffects":false,"showParticleSystems":false},"in2DMode":false,"pivot":{"x":-60.92955017089844,"y":-20.600940704345704,"z":70.10515594482422},"rotation":{"x":-0.23786868155002595,"y":-0.2651977241039276,"z":0.06767533719539643,"w":-0.9319589734077454},"size":78.45024871826172,"orthographic":false}