{"cameraMode":{"drawMode":0,"name":"Shaded","section":"Shading Mode"},"sceneLighting":true,"audioPlay":false,"sceneViewState":{"showFog":false,"showMaterialUpdate":false,"showSkybox":false,"showFlares":false,"showImageEffects":false,"showParticleSystems":false},"in2DMode":false,"pivot":{"x":-50.30000305175781,"y":-2.005000114440918,"z":80.59999084472656},"rotation":{"x":0.3804744780063629,"y":-0.002487949561327696,"z":0.001023327698931098,"w":0.9247899055480957},"size":1130.0233154296875,"orthographic":false}