{"cameraMode":{"drawMode":0,"name":"Shaded","section":"Shading Mode"},"sceneLighting":true,"audioPlay":false,"sceneViewState":{"showFog":false,"showMaterialUpdate":false,"showSkybox":false,"showFlares":false,"showImageEffects":false,"showParticleSystems":false},"in2DMode":false,"pivot":{"x":-33.26921081542969,"y":-1.784189224243164,"z":-10.175325393676758},"rotation":{"x":-0.3559243083000183,"y":0.0005532283103093505,"z":-0.00020960778056178242,"w":-0.9345256686210632},"size":32.84512710571289,"orthographic":false}