{"cameraMode":{"drawMode":0,"name":"Shaded","section":"Shading Mode"},"sceneLighting":true,"audioPlay":false,"sceneViewState":{"showFog":false,"showMaterialUpdate":false,"showSkybox":true,"showFlares":false,"showImageEffects":true,"showParticleSystems":false},"in2DMode":false,"pivot":{"x":-201.6607208251953,"y":0.7142939567565918,"z":54.700279235839847},"rotation":{"x":0.02509656362235546,"y":0.7197338342666626,"z":-0.025804009288549424,"w":0.6934282779693604},"size":4.985692977905273,"orthographic":false}