{"cameraMode":{"drawMode":0,"name":"Shaded","section":"Shading Mode"},"sceneLighting":true,"audioPlay":false,"sceneViewState":{"showFog":false,"showMaterialUpdate":false,"showSkybox":false,"showFlares":false,"showImageEffects":true,"showParticleSystems":false},"in2DMode":false,"pivot":{"x":-80.3257827758789,"y":11.158029556274414,"z":-25.12630844116211},"rotation":{"x":-0.10848050564527512,"y":0.29900383949279787,"z":-0.034234531223773959,"w":-0.9474527835845947},"size":50.94545364379883,"orthographic":false}