{"cameraMode":{"drawMode":0,"name":"Shaded","section":"Shading Mode"},"sceneLighting":true,"audioPlay":false,"sceneViewState":{"showFog":false,"showMaterialUpdate":false,"showSkybox":false,"showFlares":false,"showImageEffects":false,"showParticleSystems":false},"in2DMode":false,"pivot":{"x":-123.23323059082031,"y":-26.395294189453126,"z":-94.38676452636719},"rotation":{"x":0.37602144479751589,"y":-0.005279031582176685,"z":0.002158608753234148,"w":0.9266065359115601},"size":339.86956787109377,"orthographic":false}