{"cameraMode":{"drawMode":0,"name":"Shaded","section":"Shading Mode"},"sceneLighting":true,"audioPlay":false,"sceneViewState":{"showFog":false,"showMaterialUpdate":false,"showSkybox":false,"showFlares":false,"showImageEffects":false,"showParticleSystems":false},"in2DMode":false,"pivot":{"x":-30.971317291259767,"y":-2.202178955078125,"z":22.300588607788087},"rotation":{"x":0.2934165298938751,"y":0.024375637993216516,"z":-0.007482645567506552,"w":0.9556478261947632},"size":36.29477310180664,"orthographic":false}