{"cameraMode":{"drawMode":0,"name":"Shaded","section":"Shading Mode"},"sceneLighting":true,"audioPlay":false,"sceneViewState":{"showFog":false,"showMaterialUpdate":false,"showSkybox":false,"showFlares":false,"showImageEffects":true,"showParticleSystems":false},"in2DMode":false,"pivot":{"x":-11.767699241638184,"y":0.9671669006347656,"z":2.110483169555664},"rotation":{"x":0.48097437620162966,"y":-0.019722549244761468,"z":0.010822929441928864,"w":0.8764588832855225},"size":52.615386962890628,"orthographic":false}