{"cameraMode":{"drawMode":0,"name":"Shaded","section":"Shading Mode"},"sceneLighting":true,"audioPlay":false,"sceneViewState":{"showFog":false,"showMaterialUpdate":false,"showSkybox":false,"showFlares":false,"showImageEffects":false,"showParticleSystems":false},"in2DMode":false,"pivot":{"x":-209.56246948242188,"y":1.7772266864776612,"z":129.28030395507813},"rotation":{"x":0.020995408296585084,"y":0.03181364759802818,"z":-0.0005125267780385912,"w":0.9993653893470764},"size":4.994972229003906,"orthographic":false}