{"cameraMode":{"drawMode":0,"name":"Shaded","section":"Shading Mode"},"sceneLighting":true,"audioPlay":false,"sceneViewState":{"showFog":false,"showMaterialUpdate":false,"showSkybox":true,"showFlares":false,"showImageEffects":false,"showParticleSystems":false},"in2DMode":false,"pivot":{"x":-74.05743408203125,"y":-1.7024002075195313,"z":-49.67865753173828},"rotation":{"x":-0.12897691130638123,"y":-0.3600197434425354,"z":0.05034368485212326,"w":-0.9226363897323608},"size":14.828339576721192,"orthographic":false}